ref_x,ref_y,comp_x,comp_y,response
0.6534878127276897,0.09220798872411251,-0.5044707488268614,0.9438996575772762,0
-0.847086364403367,-0.7381975781172514,0.7921266052871943,-0.22360501624643803,0
-0.4890560768544674,0.5587100349366665,-0.14746872894465923,0.2553823981434107,1
0.010293705388903618,-0.1422106996178627,0.43036956526339054,-0.5390315353870392,1
0.34410932287573814,0.9875858165323734,0.6435522735118866,-0.7727425508201122,1
