ref_rgb_r,ref_rgb_g,ref_rgb_b,comp_rgb_r,comp_rgb_g,comp_rgb_b,reference_x,reference_y,comparison_x,comparison_y,response,trial_type,interaction_type
0.03606462758034468,0.5498720621690154,0.5,0.0,0.5620262773556978,0.5,-0.9278707448393106,0.09974412433803082,-1.0,0.12405255471139554,1,SOBOL,simulated
0.9723304063223275,0.07309204026081889,0.5,0.9723304063223275,0.07309204026081889,0.5,0.944660812644655,-0.8538159194783622,0.944660812644655,-0.8538159194783622,1,SOBOL,simulated
0.6148481638824077,0.9889724524533146,0.5,0.6148481638824077,0.9889724524533146,0.5,0.2296963277648154,0.9779449049066291,0.2296963277648154,0.9779449049066291,1,SOBOL,manual
0.311629232019186,0.4845457477495074,0.5,0.3564386904172645,0.5067293551673933,0.5,-0.37674153596162796,-0.030908504500985146,-0.287122619165471,0.013458710334786517,0,SOBOL,simulated
0.39915417706145784,0.8864931556637791,0.5,0.39915417706145784,0.8864931556637791,0.5,-0.20169164587708432,0.7729863113275581,-0.20169164587708432,0.7729863113275581,1,SOBOL,simulated
0.5514848316088319,0.3300791261717677,0.5,0.5933283641114172,0.3027090916868591,0.5,0.10296966321766376,-0.3398417476564646,0.1866567282228344,-0.3945818166262818,0,SOBOL,manual
0.7961956765502691,0.6418348690494895,0.5,0.7548369929723546,0.6699321872970011,0.5,0.5923913531005383,0.283669738098979,0.5096739859447093,0.3398643745940022,1,SOBOL,simulated
